OID_,Value,Count,,93,,93
1,93,1,,94,,94
2,94,1,,97,,97
3,97,2,,97,,97
5,101,1,,101,,101
6,102,2,,102,,102
8,103,2,,102,,102
10,104,2,,103,,103
12,107,1,,103,,103
13,108,3,,104,,104
16,109,1,,104,,104
17,110,2,,107,,107
19,111,2,,108,,108
21,113,2,,108,,108
23,114,3,,108,,108
26,115,4,,109,,109
30,116,3,,110,,110
33,117,3,,110,,110
36,118,4,,111,,111
40,119,2,,111,,111
42,120,2,,113,,113
44,121,1,,113,,113
45,122,2,,114,,114
47,123,1,,114,,114
48,124,1,,114,,114
49,125,3,,115,,115
52,126,3,,115,,115
55,127,9,,115,,115
64,128,1,,115,,115
65,129,8,,116,,116
73,130,6,,116,,116
79,131,4,,116,,116
83,132,4,,117,,117
87,133,3,,117,,117
90,134,6,,117,,117
96,135,6,,118,,118
102,136,2,,118,,118
104,137,8,,118,,118
112,138,9,,118,,118
121,139,8,,119,,119
129,140,6,,119,,119
135,141,13,,120,,120
148,142,7,,120,,120
155,143,6,,121,,121
161,144,4,,122,,122
165,145,9,,122,,122
174,146,8,,123,,123
182,147,12,,124,,124
194,148,13,,125,,125
207,149,10,,125,,125
217,150,14,,125,,125
231,151,10,,126,,126
241,152,17,,126,,126
258,153,10,,126,,126
268,154,12,,127,,127
280,155,7,,127,,127
287,156,19,,127,,127
306,157,15,,127,,127
321,158,12,,127,,127
333,159,26,,127,,127
359,160,16,,127,,127
375,161,25,,127,,127
400,162,22,,127,,127
422,163,21,,128,,128
443,164,24,,129,,129
467,165,26,,129,,129
493,166,17,,129,,129
510,167,30,,129,,129
540,168,26,,129,,129
566,169,22,,129,,129
588,170,21,,129,,129
609,171,24,,129,,129
633,172,29,,130,,130
662,173,30,,130,,130
692,174,22,,130,,130
714,175,32,,130,,130
746,176,29,,130,,130
775,177,21,,130,,130
796,178,24,,131,,131
820,179,24,,131,,131
844,180,33,,131,,131
877,181,23,,131,,131
900,182,26,,132,,132
926,183,18,,132,,132
944,184,23,,132,,132
967,185,26,,132,,132
993,186,31,,133,,133
1024,187,31,,133,,133
1055,188,42,,133,,133
1097,189,37,,134,,134
1134,190,36,,134,,134
1170,191,32,,134,,134
1202,192,23,,134,,134
1225,193,39,,134,,134
1264,194,47,,134,,134
1311,195,35,,135,,135
1346,196,31,,135,,135
1377,197,38,,135,,135
1415,198,32,,135,,135
1447,199,40,,135,,135
1487,200,37,,135,,135
1524,201,36,,136,,136
1560,202,42,,136,,136
1602,203,50,,137,,137
1652,204,26,,137,,137
1678,205,42,,137,,137
1720,206,35,,137,,137
1755,207,42,,137,,137
1797,208,44,,137,,137
1841,209,38,,137,,137
1879,210,30,,137,,137
1909,211,36,,138,,138
1945,212,25,,138,,138
1970,213,35,,138,,138
2005,214,35,,138,,138
2040,215,43,,138,,138
2083,216,29,,138,,138
2112,217,31,,138,,138
2143,218,31,,138,,138
2174,219,16,,138,,138
2190,220,34,,139,,139
2224,221,18,,139,,139
2242,222,20,,139,,139
2262,223,12,,139,,139
2274,224,15,,139,,139
2289,225,15,,139,,139
2304,226,23,,139,,139
2327,227,13,,139,,139
2340,228,5,,140,,140
2345,229,12,,140,,140
2357,230,18,,140,,140
2375,231,14,,140,,140
2389,232,10,,140,,140
2399,233,23,,140,,140
2422,234,19,,141,,141
2441,235,19,,141,,141
2460,236,24,,141,,141
2484,237,13,,141,,141
2497,238,23,,141,,141
2520,239,17,,141,,141
2537,240,16,,141,,141
2553,241,12,,141,,141
2565,242,24,,141,,141
2589,243,32,,141,,141
2621,244,11,,141,,141
2632,245,19,,141,,141
2651,246,26,,141,,141
2677,247,21,,142,,142
2698,248,21,,142,,142
2719,249,28,,142,,142
2747,250,25,,142,,142
2772,251,29,,142,,142
2801,252,40,,142,,142
2841,253,27,,142,,142
2868,254,35,,143,,143
2903,255,38,,143,,143
2941,256,33,,143,,143
2974,257,27,,143,,143
3001,258,30,,143,,143
3031,259,48,,143,,143
3079,260,25,,144,,144
3104,261,40,,144,,144
3144,262,36,,144,,144
3180,263,28,,144,,144
3208,264,20,,145,,145
3228,265,38,,145,,145
3266,266,44,,145,,145
3310,267,35,,145,,145
3345,268,27,,145,,145
3372,269,28,,145,,145
3400,270,28,,145,,145
3428,271,20,,145,,145
3448,272,37,,145,,145
3485,273,34,,146,,146
3519,274,28,,146,,146
3547,275,28,,146,,146
3575,276,32,,146,,146
3607,277,35,,146,,146
3642,278,30,,146,,146
3672,279,22,,146,,146
3694,280,20,,146,,146
3714,281,23,,147,,147
3737,282,23,,147,,147
3760,283,12,,147,,147
3772,284,11,,147,,147
3783,285,16,,147,,147
3799,286,9,,147,,147
3808,287,9,,147,,147
3817,288,8,,147,,147
3825,289,11,,147,,147
3836,290,6,,147,,147
3842,291,7,,147,,147
3849,292,3,,147,,147
3852,293,6,,148,,148
3858,294,3,,148,,148
3861,295,4,,148,,148
3865,296,1,,148,,148
3866,297,1,,148,,148
3867,299,2,,148,,148
3869,307,1,,148,,148
3870,309,1,,148,,148
3871,323,2,,148,,148
,,,,148,,148
,,,,148,,148
,,,,148,,148
,,,,148,,148
,,,,149,,149
,,,,149,,149
,,,,149,,149
,,,,149,,149
,,,,149,,149
,,,,149,,149
,,,,149,,149
,,,,149,,149
,,,,149,,149
,,,,149,,149
,,,,150,,150
,,,,150,,150
,,,,150,,150
,,,,150,,150
,,,,150,,150
,,,,150,,150
,,,,150,,150
,,,,150,,150
,,,,150,,150
,,,,150,,150
,,,,150,,150
,,,,150,,150
,,,,150,,150
,,,,150,,150
,,,,151,,151
,,,,151,,151
,,,,151,,151
,,,,151,,151
,,,,151,,151
,,,,151,,151
,,,,151,,151
,,,,151,,151
,,,,151,,151
,,,,151,,151
,,,,152,,152
,,,,152,,152
,,,,152,,152
,,,,152,,152
,,,,152,,152
,,,,152,,152
,,,,152,,152
,,,,152,,152
,,,,152,,152
,,,,152,,152
,,,,152,,152
,,,,152,,152
,,,,152,,152
,,,,152,,152
,,,,152,,152
,,,,152,,152
,,,,152,,152
,,,,153,,153
,,,,153,,153
,,,,153,,153
,,,,153,,153
,,,,153,,153
,,,,153,,153
,,,,153,,153
,,,,153,,153
,,,,153,,153
,,,,153,,153
,,,,154,,154
,,,,154,,154
,,,,154,,154
,,,,154,,154
,,,,154,,154
,,,,154,,154
,,,,154,,154
,,,,154,,154
,,,,154,,154
,,,,154,,154
,,,,154,,154
,,,,154,,154
,,,,155,,155
,,,,155,,155
,,,,155,,155
,,,,155,,155
,,,,155,,155
,,,,155,,155
,,,,155,,155
,,,,156,,156
,,,,156,,156
,,,,156,,156
,,,,156,,156
,,,,156,,156
,,,,156,,156
,,,,156,,156
,,,,156,,156
,,,,156,,156
,,,,156,,156
,,,,156,,156
,,,,156,,156
,,,,156,,156
,,,,156,,156
,,,,156,,156
,,,,156,,156
,,,,156,,156
,,,,156,,156
,,,,156,,156
,,,,157,,157
,,,,157,,157
,,,,157,,157
,,,,157,,157
,,,,157,,157
,,,,157,,157
,,,,157,,157
,,,,157,,157
,,,,157,,157
,,,,157,,157
,,,,157,,157
,,,,157,,157
,,,,157,,157
,,,,157,,157
,,,,157,,157
,,,,158,,158
,,,,158,,158
,,,,158,,158
,,,,158,,158
,,,,158,,158
,,,,158,,158
,,,,158,,158
,,,,158,,158
,,,,158,,158
,,,,158,,158
,,,,158,,158
,,,,158,,158
,,,,159,,159
,,,,159,,159
,,,,159,,159
,,,,159,,159
,,,,159,,159
,,,,159,,159
,,,,159,,159
,,,,159,,159
,,,,159,,159
,,,,159,,159
,,,,159,,159
,,,,159,,159
,,,,159,,159
,,,,159,,159
,,,,159,,159
,,,,159,,159
,,,,159,,159
,,,,159,,159
,,,,159,,159
,,,,159,,159
,,,,159,,159
,,,,159,,159
,,,,159,,159
,,,,159,,159
,,,,159,,159
,,,,159,,159
,,,,160,,160
,,,,160,,160
,,,,160,,160
,,,,160,,160
,,,,160,,160
,,,,160,,160
,,,,160,,160
,,,,160,,160
,,,,160,,160
,,,,160,,160
,,,,160,,160
,,,,160,,160
,,,,160,,160
,,,,160,,160
,,,,160,,160
,,,,160,,160
,,,,161,,161
,,,,161,,161
,,,,161,,161
,,,,161,,161
,,,,161,,161
,,,,161,,161
,,,,161,,161
,,,,161,,161
,,,,161,,161
,,,,161,,161
,,,,161,,161
,,,,161,,161
,,,,161,,161
,,,,161,,161
,,,,161,,161
,,,,161,,161
,,,,161,,161
,,,,161,,161
,,,,161,,161
,,,,161,,161
,,,,161,,161
,,,,161,,161
,,,,161,,161
,,,,161,,161
,,,,161,,161
,,,,162,,162
,,,,162,,162
,,,,162,,162
,,,,162,,162
,,,,162,,162
,,,,162,,162
,,,,162,,162
,,,,162,,162
,,,,162,,162
,,,,162,,162
,,,,162,,162
,,,,162,,162
,,,,162,,162
,,,,162,,162
,,,,162,,162
,,,,162,,162
,,,,162,,162
,,,,162,,162
,,,,162,,162
,,,,162,,162
,,,,162,,162
,,,,162,,162
,,,,163,,163
,,,,163,,163
,,,,163,,163
,,,,163,,163
,,,,163,,163
,,,,163,,163
,,,,163,,163
,,,,163,,163
,,,,163,,163
,,,,163,,163
,,,,163,,163
,,,,163,,163
,,,,163,,163
,,,,163,,163
,,,,163,,163
,,,,163,,163
,,,,163,,163
,,,,163,,163
,,,,163,,163
,,,,163,,163
,,,,163,,163
,,,,164,,164
,,,,164,,164
,,,,164,,164
,,,,164,,164
,,,,164,,164
,,,,164,,164
,,,,164,,164
,,,,164,,164
,,,,164,,164
,,,,164,,164
,,,,164,,164
,,,,164,,164
,,,,164,,164
,,,,164,,164
,,,,164,,164
,,,,164,,164
,,,,164,,164
,,,,164,,164
,,,,164,,164
,,,,164,,164
,,,,164,,164
,,,,164,,164
,,,,164,,164
,,,,164,,164
,,,,165,,165
,,,,165,,165
,,,,165,,165
,,,,165,,165
,,,,165,,165
,,,,165,,165
,,,,165,,165
,,,,165,,165
,,,,165,,165
,,,,165,,165
,,,,165,,165
,,,,165,,165
,,,,165,,165
,,,,165,,165
,,,,165,,165
,,,,165,,165
,,,,165,,165
,,,,165,,165
,,,,165,,165
,,,,165,,165
,,,,165,,165
,,,,165,,165
,,,,165,,165
,,,,165,,165
,,,,165,,165
,,,,165,,165
,,,,166,,166
,,,,166,,166
,,,,166,,166
,,,,166,,166
,,,,166,,166
,,,,166,,166
,,,,166,,166
,,,,166,,166
,,,,166,,166
,,,,166,,166
,,,,166,,166
,,,,166,,166
,,,,166,,166
,,,,166,,166
,,,,166,,166
,,,,166,,166
,,,,166,,166
,,,,167,,167
,,,,167,,167
,,,,167,,167
,,,,167,,167
,,,,167,,167
,,,,167,,167
,,,,167,,167
,,,,167,,167
,,,,167,,167
,,,,167,,167
,,,,167,,167
,,,,167,,167
,,,,167,,167
,,,,167,,167
,,,,167,,167
,,,,167,,167
,,,,167,,167
,,,,167,,167
,,,,167,,167
,,,,167,,167
,,,,167,,167
,,,,167,,167
,,,,167,,167
,,,,167,,167
,,,,167,,167
,,,,167,,167
,,,,167,,167
,,,,167,,167
,,,,167,,167
,,,,167,,167
,,,,168,,168
,,,,168,,168
,,,,168,,168
,,,,168,,168
,,,,168,,168
,,,,168,,168
,,,,168,,168
,,,,168,,168
,,,,168,,168
,,,,168,,168
,,,,168,,168
,,,,168,,168
,,,,168,,168
,,,,168,,168
,,,,168,,168
,,,,168,,168
,,,,168,,168
,,,,168,,168
,,,,168,,168
,,,,168,,168
,,,,168,,168
,,,,168,,168
,,,,168,,168
,,,,168,,168
,,,,168,,168
,,,,168,,168
,,,,169,,169
,,,,169,,169
,,,,169,,169
,,,,169,,169
,,,,169,,169
,,,,169,,169
,,,,169,,169
,,,,169,,169
,,,,169,,169
,,,,169,,169
,,,,169,,169
,,,,169,,169
,,,,169,,169
,,,,169,,169
,,,,169,,169
,,,,169,,169
,,,,169,,169
,,,,169,,169
,,,,169,,169
,,,,169,,169
,,,,169,,169
,,,,169,,169
,,,,170,,170
,,,,170,,170
,,,,170,,170
,,,,170,,170
,,,,170,,170
,,,,170,,170
,,,,170,,170
,,,,170,,170
,,,,170,,170
,,,,170,,170
,,,,170,,170
,,,,170,,170
,,,,170,,170
,,,,170,,170
,,,,170,,170
,,,,170,,170
,,,,170,,170
,,,,170,,170
,,,,170,,170
,,,,170,,170
,,,,170,,170
,,,,171,,171
,,,,171,,171
,,,,171,,171
,,,,171,,171
,,,,171,,171
,,,,171,,171
,,,,171,,171
,,,,171,,171
,,,,171,,171
,,,,171,,171
,,,,171,,171
,,,,171,,171
,,,,171,,171
,,,,171,,171
,,,,171,,171
,,,,171,,171
,,,,171,,171
,,,,171,,171
,,,,171,,171
,,,,171,,171
,,,,171,,171
,,,,171,,171
,,,,171,,171
,,,,171,,171
,,,,172,,172
,,,,172,,172
,,,,172,,172
,,,,172,,172
,,,,172,,172
,,,,172,,172
,,,,172,,172
,,,,172,,172
,,,,172,,172
,,,,172,,172
,,,,172,,172
,,,,172,,172
,,,,172,,172
,,,,172,,172
,,,,172,,172
,,,,172,,172
,,,,172,,172
,,,,172,,172
,,,,172,,172
,,,,172,,172
,,,,172,,172
,,,,172,,172
,,,,172,,172
,,,,172,,172
,,,,172,,172
,,,,172,,172
,,,,172,,172
,,,,172,,172
,,,,172,,172
,,,,173,,173
,,,,173,,173
,,,,173,,173
,,,,173,,173
,,,,173,,173
,,,,173,,173
,,,,173,,173
,,,,173,,173
,,,,173,,173
,,,,173,,173
,,,,173,,173
,,,,173,,173
,,,,173,,173
,,,,173,,173
,,,,173,,173
,,,,173,,173
,,,,173,,173
,,,,173,,173
,,,,173,,173
,,,,173,,173
,,,,173,,173
,,,,173,,173
,,,,173,,173
,,,,173,,173
,,,,173,,173
,,,,173,,173
,,,,173,,173
,,,,173,,173
,,,,173,,173
,,,,173,,173
,,,,174,,174
,,,,174,,174
,,,,174,,174
,,,,174,,174
,,,,174,,174
,,,,174,,174
,,,,174,,174
,,,,174,,174
,,,,174,,174
,,,,174,,174
,,,,174,,174
,,,,174,,174
,,,,174,,174
,,,,174,,174
,,,,174,,174
,,,,174,,174
,,,,174,,174
,,,,174,,174
,,,,174,,174
,,,,174,,174
,,,,174,,174
,,,,174,,174
,,,,175,,175
,,,,175,,175
,,,,175,,175
,,,,175,,175
,,,,175,,175
,,,,175,,175
,,,,175,,175
,,,,175,,175
,,,,175,,175
,,,,175,,175
,,,,175,,175
,,,,175,,175
,,,,175,,175
,,,,175,,175
,,,,175,,175
,,,,175,,175
,,,,175,,175
,,,,175,,175
,,,,175,,175
,,,,175,,175
,,,,175,,175
,,,,175,,175
,,,,175,,175
,,,,175,,175
,,,,175,,175
,,,,175,,175
,,,,175,,175
,,,,175,,175
,,,,175,,175
,,,,175,,175
,,,,175,,175
,,,,175,,175
,,,,176,,176
,,,,176,,176
,,,,176,,176
,,,,176,,176
,,,,176,,176
,,,,176,,176
,,,,176,,176
,,,,176,,176
,,,,176,,176
,,,,176,,176
,,,,176,,176
,,,,176,,176
,,,,176,,176
,,,,176,,176
,,,,176,,176
,,,,176,,176
,,,,176,,176
,,,,176,,176
,,,,176,,176
,,,,176,,176
,,,,176,,176
,,,,176,,176
,,,,176,,176
,,,,176,,176
,,,,176,,176
,,,,176,,176
,,,,176,,176
,,,,176,,176
,,,,176,,176
,,,,177,,177
,,,,177,,177
,,,,177,,177
,,,,177,,177
,,,,177,,177
,,,,177,,177
,,,,177,,177
,,,,177,,177
,,,,177,,177
,,,,177,,177
,,,,177,,177
,,,,177,,177
,,,,177,,177
,,,,177,,177
,,,,177,,177
,,,,177,,177
,,,,177,,177
,,,,177,,177
,,,,177,,177
,,,,177,,177
,,,,177,,177
,,,,178,,178
,,,,178,,178
,,,,178,,178
,,,,178,,178
,,,,178,,178
,,,,178,,178
,,,,178,,178
,,,,178,,178
,,,,178,,178
,,,,178,,178
,,,,178,,178
,,,,178,,178
,,,,178,,178
,,,,178,,178
,,,,178,,178
,,,,178,,178
,,,,178,,178
,,,,178,,178
,,,,178,,178
,,,,178,,178
,,,,178,,178
,,,,178,,178
,,,,178,,178
,,,,178,,178
,,,,179,,179
,,,,179,,179
,,,,179,,179
,,,,179,,179
,,,,179,,179
,,,,179,,179
,,,,179,,179
,,,,179,,179
,,,,179,,179
,,,,179,,179
,,,,179,,179
,,,,179,,179
,,,,179,,179
,,,,179,,179
,,,,179,,179
,,,,179,,179
,,,,179,,179
,,,,179,,179
,,,,179,,179
,,,,179,,179
,,,,179,,179
,,,,179,,179
,,,,179,,179
,,,,179,,179
,,,,180,,180
,,,,180,,180
,,,,180,,180
,,,,180,,180
,,,,180,,180
,,,,180,,180
,,,,180,,180
,,,,180,,180
,,,,180,,180
,,,,180,,180
,,,,180,,180
,,,,180,,180
,,,,180,,180
,,,,180,,180
,,,,180,,180
,,,,180,,180
,,,,180,,180
,,,,180,,180
,,,,180,,180
,,,,180,,180
,,,,180,,180
,,,,180,,180
,,,,180,,180
,,,,180,,180
,,,,180,,180
,,,,180,,180
,,,,180,,180
,,,,180,,180
,,,,180,,180
,,,,180,,180
,,,,180,,180
,,,,180,,180
,,,,180,,180
,,,,181,,181
,,,,181,,181
,,,,181,,181
,,,,181,,181
,,,,181,,181
,,,,181,,181
,,,,181,,181
,,,,181,,181
,,,,181,,181
,,,,181,,181
,,,,181,,181
,,,,181,,181
,,,,181,,181
,,,,181,,181
,,,,181,,181
,,,,181,,181
,,,,181,,181
,,,,181,,181
,,,,181,,181
,,,,181,,181
,,,,181,,181
,,,,181,,181
,,,,181,,181
,,,,182,,182
,,,,182,,182
,,,,182,,182
,,,,182,,182
,,,,182,,182
,,,,182,,182
,,,,182,,182
,,,,182,,182
,,,,182,,182
,,,,182,,182
,,,,182,,182
,,,,182,,182
,,,,182,,182
,,,,182,,182
,,,,182,,182
,,,,182,,182
,,,,182,,182
,,,,182,,182
,,,,182,,182
,,,,182,,182
,,,,182,,182
,,,,182,,182
,,,,182,,182
,,,,182,,182
,,,,182,,182
,,,,182,,182
,,,,183,,183
,,,,183,,183
,,,,183,,183
,,,,183,,183
,,,,183,,183
,,,,183,,183
,,,,183,,183
,,,,183,,183
,,,,183,,183
,,,,183,,183
,,,,183,,183
,,,,183,,183
,,,,183,,183
,,,,183,,183
,,,,183,,183
,,,,183,,183
,,,,183,,183
,,,,183,,183
,,,,184,,184
,,,,184,,184
,,,,184,,184
,,,,184,,184
,,,,184,,184
,,,,184,,184
,,,,184,,184
,,,,184,,184
,,,,184,,184
,,,,184,,184
,,,,184,,184
,,,,184,,184
,,,,184,,184
,,,,184,,184
,,,,184,,184
,,,,184,,184
,,,,184,,184
,,,,184,,184
,,,,184,,184
,,,,184,,184
,,,,184,,184
,,,,184,,184
,,,,184,,184
,,,,185,,185
,,,,185,,185
,,,,185,,185
,,,,185,,185
,,,,185,,185
,,,,185,,185
,,,,185,,185
,,,,185,,185
,,,,185,,185
,,,,185,,185
,,,,185,,185
,,,,185,,185
,,,,185,,185
,,,,185,,185
,,,,185,,185
,,,,185,,185
,,,,185,,185
,,,,185,,185
,,,,185,,185
,,,,185,,185
,,,,185,,185
,,,,185,,185
,,,,185,,185
,,,,185,,185
,,,,185,,185
,,,,185,,185
,,,,186,,186
,,,,186,,186
,,,,186,,186
,,,,186,,186
,,,,186,,186
,,,,186,,186
,,,,186,,186
,,,,186,,186
,,,,186,,186
,,,,186,,186
,,,,186,,186
,,,,186,,186
,,,,186,,186
,,,,186,,186
,,,,186,,186
,,,,186,,186
,,,,186,,186
,,,,186,,186
,,,,186,,186
,,,,186,,186
,,,,186,,186
,,,,186,,186
,,,,186,,186
,,,,186,,186
,,,,186,,186
,,,,186,,186
,,,,186,,186
,,,,186,,186
,,,,186,,186
,,,,186,,186
,,,,186,,186
,,,,187,,187
,,,,187,,187
,,,,187,,187
,,,,187,,187
,,,,187,,187
,,,,187,,187
,,,,187,,187
,,,,187,,187
,,,,187,,187
,,,,187,,187
,,,,187,,187
,,,,187,,187
,,,,187,,187
,,,,187,,187
,,,,187,,187
,,,,187,,187
,,,,187,,187
,,,,187,,187
,,,,187,,187
,,,,187,,187
,,,,187,,187
,,,,187,,187
,,,,187,,187
,,,,187,,187
,,,,187,,187
,,,,187,,187
,,,,187,,187
,,,,187,,187
,,,,187,,187
,,,,187,,187
,,,,187,,187
,,,,188,,188
,,,,188,,188
,,,,188,,188
,,,,188,,188
,,,,188,,188
,,,,188,,188
,,,,188,,188
,,,,188,,188
,,,,188,,188
,,,,188,,188
,,,,188,,188
,,,,188,,188
,,,,188,,188
,,,,188,,188
,,,,188,,188
,,,,188,,188
,,,,188,,188
,,,,188,,188
,,,,188,,188
,,,,188,,188
,,,,188,,188
,,,,188,,188
,,,,188,,188
,,,,188,,188
,,,,188,,188
,,,,188,,188
,,,,188,,188
,,,,188,,188
,,,,188,,188
,,,,188,,188
,,,,188,,188
,,,,188,,188
,,,,188,,188
,,,,188,,188
,,,,188,,188
,,,,188,,188
,,,,188,,188
,,,,188,,188
,,,,188,,188
,,,,188,,188
,,,,188,,188
,,,,188,,188
,,,,189,,189
,,,,189,,189
,,,,189,,189
,,,,189,,189
,,,,189,,189
,,,,189,,189
,,,,189,,189
,,,,189,,189
,,,,189,,189
,,,,189,,189
,,,,189,,189
,,,,189,,189
,,,,189,,189
,,,,189,,189
,,,,189,,189
,,,,189,,189
,,,,189,,189
,,,,189,,189
,,,,189,,189
,,,,189,,189
,,,,189,,189
,,,,189,,189
,,,,189,,189
,,,,189,,189
,,,,189,,189
,,,,189,,189
,,,,189,,189
,,,,189,,189
,,,,189,,189
,,,,189,,189
,,,,189,,189
,,,,189,,189
,,,,189,,189
,,,,189,,189
,,,,189,,189
,,,,189,,189
,,,,189,,189
,,,,190,,190
,,,,190,,190
,,,,190,,190
,,,,190,,190
,,,,190,,190
,,,,190,,190
,,,,190,,190
,,,,190,,190
,,,,190,,190
,,,,190,,190
,,,,190,,190
,,,,190,,190
,,,,190,,190
,,,,190,,190
,,,,190,,190
,,,,190,,190
,,,,190,,190
,,,,190,,190
,,,,190,,190
,,,,190,,190
,,,,190,,190
,,,,190,,190
,,,,190,,190
,,,,190,,190
,,,,190,,190
,,,,190,,190
,,,,190,,190
,,,,190,,190
,,,,190,,190
,,,,190,,190
,,,,190,,190
,,,,190,,190
,,,,190,,190
,,,,190,,190
,,,,190,,190
,,,,190,,190
,,,,191,,191
,,,,191,,191
,,,,191,,191
,,,,191,,191
,,,,191,,191
,,,,191,,191
,,,,191,,191
,,,,191,,191
,,,,191,,191
,,,,191,,191
,,,,191,,191
,,,,191,,191
,,,,191,,191
,,,,191,,191
,,,,191,,191
,,,,191,,191
,,,,191,,191
,,,,191,,191
,,,,191,,191
,,,,191,,191
,,,,191,,191
,,,,191,,191
,,,,191,,191
,,,,191,,191
,,,,191,,191
,,,,191,,191
,,,,191,,191
,,,,191,,191
,,,,191,,191
,,,,191,,191
,,,,191,,191
,,,,191,,191
,,,,192,,192
,,,,192,,192
,,,,192,,192
,,,,192,,192
,,,,192,,192
,,,,192,,192
,,,,192,,192
,,,,192,,192
,,,,192,,192
,,,,192,,192
,,,,192,,192
,,,,192,,192
,,,,192,,192
,,,,192,,192
,,,,192,,192
,,,,192,,192
,,,,192,,192
,,,,192,,192
,,,,192,,192
,,,,192,,192
,,,,192,,192
,,,,192,,192
,,,,192,,192
,,,,193,,193
,,,,193,,193
,,,,193,,193
,,,,193,,193
,,,,193,,193
,,,,193,,193
,,,,193,,193
,,,,193,,193
,,,,193,,193
,,,,193,,193
,,,,193,,193
,,,,193,,193
,,,,193,,193
,,,,193,,193
,,,,193,,193
,,,,193,,193
,,,,193,,193
,,,,193,,193
,,,,193,,193
,,,,193,,193
,,,,193,,193
,,,,193,,193
,,,,193,,193
,,,,193,,193
,,,,193,,193
,,,,193,,193
,,,,193,,193
,,,,193,,193
,,,,193,,193
,,,,193,,193
,,,,193,,193
,,,,193,,193
,,,,193,,193
,,,,193,,193
,,,,193,,193
,,,,193,,193
,,,,193,,193
,,,,193,,193
,,,,193,,193
,,,,194,,194
,,,,194,,194
,,,,194,,194
,,,,194,,194
,,,,194,,194
,,,,194,,194
,,,,194,,194
,,,,194,,194
,,,,194,,194
,,,,194,,194
,,,,194,,194
,,,,194,,194
,,,,194,,194
,,,,194,,194
,,,,194,,194
,,,,194,,194
,,,,194,,194
,,,,194,,194
,,,,194,,194
,,,,194,,194
,,,,194,,194
,,,,194,,194
,,,,194,,194
,,,,194,,194
,,,,194,,194
,,,,194,,194
,,,,194,,194
,,,,194,,194
,,,,194,,194
,,,,194,,194
,,,,194,,194
,,,,194,,194
,,,,194,,194
,,,,194,,194
,,,,194,,194
,,,,194,,194
,,,,194,,194
,,,,194,,194
,,,,194,,194
,,,,194,,194
,,,,194,,194
,,,,194,,194
,,,,194,,194
,,,,194,,194
,,,,194,,194
,,,,194,,194
,,,,194,,194
,,,,195,,195
,,,,195,,195
,,,,195,,195
,,,,195,,195
,,,,195,,195
,,,,195,,195
,,,,195,,195
,,,,195,,195
,,,,195,,195
,,,,195,,195
,,,,195,,195
,,,,195,,195
,,,,195,,195
,,,,195,,195
,,,,195,,195
,,,,195,,195
,,,,195,,195
,,,,195,,195
,,,,195,,195
,,,,195,,195
,,,,195,,195
,,,,195,,195
,,,,195,,195
,,,,195,,195
,,,,195,,195
,,,,195,,195
,,,,195,,195
,,,,195,,195
,,,,195,,195
,,,,195,,195
,,,,195,,195
,,,,195,,195
,,,,195,,195
,,,,195,,195
,,,,195,,195
,,,,196,,196
,,,,196,,196
,,,,196,,196
,,,,196,,196
,,,,196,,196
,,,,196,,196
,,,,196,,196
,,,,196,,196
,,,,196,,196
,,,,196,,196
,,,,196,,196
,,,,196,,196
,,,,196,,196
,,,,196,,196
,,,,196,,196
,,,,196,,196
,,,,196,,196
,,,,196,,196
,,,,196,,196
,,,,196,,196
,,,,196,,196
,,,,196,,196
,,,,196,,196
,,,,196,,196
,,,,196,,196
,,,,196,,196
,,,,196,,196
,,,,196,,196
,,,,196,,196
,,,,196,,196
,,,,196,,196
,,,,197,,197
,,,,197,,197
,,,,197,,197
,,,,197,,197
,,,,197,,197
,,,,197,,197
,,,,197,,197
,,,,197,,197
,,,,197,,197
,,,,197,,197
,,,,197,,197
,,,,197,,197
,,,,197,,197
,,,,197,,197
,,,,197,,197
,,,,197,,197
,,,,197,,197
,,,,197,,197
,,,,197,,197
,,,,197,,197
,,,,197,,197
,,,,197,,197
,,,,197,,197
,,,,197,,197
,,,,197,,197
,,,,197,,197
,,,,197,,197
,,,,197,,197
,,,,197,,197
,,,,197,,197
,,,,197,,197
,,,,197,,197
,,,,197,,197
,,,,197,,197
,,,,197,,197
,,,,197,,197
,,,,197,,197
,,,,197,,197
,,,,198,,198
,,,,198,,198
,,,,198,,198
,,,,198,,198
,,,,198,,198
,,,,198,,198
,,,,198,,198
,,,,198,,198
,,,,198,,198
,,,,198,,198
,,,,198,,198
,,,,198,,198
,,,,198,,198
,,,,198,,198
,,,,198,,198
,,,,198,,198
,,,,198,,198
,,,,198,,198
,,,,198,,198
,,,,198,,198
,,,,198,,198
,,,,198,,198
,,,,198,,198
,,,,198,,198
,,,,198,,198
,,,,198,,198
,,,,198,,198
,,,,198,,198
,,,,198,,198
,,,,198,,198
,,,,198,,198
,,,,198,,198
,,,,199,,199
,,,,199,,199
,,,,199,,199
,,,,199,,199
,,,,199,,199
,,,,199,,199
,,,,199,,199
,,,,199,,199
,,,,199,,199
,,,,199,,199
,,,,199,,199
,,,,199,,199
,,,,199,,199
,,,,199,,199
,,,,199,,199
,,,,199,,199
,,,,199,,199
,,,,199,,199
,,,,199,,199
,,,,199,,199
,,,,199,,199
,,,,199,,199
,,,,199,,199
,,,,199,,199
,,,,199,,199
,,,,199,,199
,,,,199,,199
,,,,199,,199
,,,,199,,199
,,,,199,,199
,,,,199,,199
,,,,199,,199
,,,,199,,199
,,,,199,,199
,,,,199,,199
,,,,199,,199
,,,,199,,199
,,,,199,,199
,,,,199,,199
,,,,199,,199
,,,,200,,200
,,,,200,,200
,,,,200,,200
,,,,200,,200
,,,,200,,200
,,,,200,,200
,,,,200,,200
,,,,200,,200
,,,,200,,200
,,,,200,,200
,,,,200,,200
,,,,200,,200
,,,,200,,200
,,,,200,,200
,,,,200,,200
,,,,200,,200
,,,,200,,200
,,,,200,,200
,,,,200,,200
,,,,200,,200
,,,,200,,200
,,,,200,,200
,,,,200,,200
,,,,200,,200
,,,,200,,200
,,,,200,,200
,,,,200,,200
,,,,200,,200
,,,,200,,200
,,,,200,,200
,,,,200,,200
,,,,200,,200
,,,,200,,200
,,,,200,,200
,,,,200,,200
,,,,200,,200
,,,,200,,200
,,,,201,,201
,,,,201,,201
,,,,201,,201
,,,,201,,201
,,,,201,,201
,,,,201,,201
,,,,201,,201
,,,,201,,201
,,,,201,,201
,,,,201,,201
,,,,201,,201
,,,,201,,201
,,,,201,,201
,,,,201,,201
,,,,201,,201
,,,,201,,201
,,,,201,,201
,,,,201,,201
,,,,201,,201
,,,,201,,201
,,,,201,,201
,,,,201,,201
,,,,201,,201
,,,,201,,201
,,,,201,,201
,,,,201,,201
,,,,201,,201
,,,,201,,201
,,,,201,,201
,,,,201,,201
,,,,201,,201
,,,,201,,201
,,,,201,,201
,,,,201,,201
,,,,201,,201
,,,,201,,201
,,,,202,,202
,,,,202,,202
,,,,202,,202
,,,,202,,202
,,,,202,,202
,,,,202,,202
,,,,202,,202
,,,,202,,202
,,,,202,,202
,,,,202,,202
,,,,202,,202
,,,,202,,202
,,,,202,,202
,,,,202,,202
,,,,202,,202
,,,,202,,202
,,,,202,,202
,,,,202,,202
,,,,202,,202
,,,,202,,202
,,,,202,,202
,,,,202,,202
,,,,202,,202
,,,,202,,202
,,,,202,,202
,,,,202,,202
,,,,202,,202
,,,,202,,202
,,,,202,,202
,,,,202,,202
,,,,202,,202
,,,,202,,202
,,,,202,,202
,,,,202,,202
,,,,202,,202
,,,,202,,202
,,,,202,,202
,,,,202,,202
,,,,202,,202
,,,,202,,202
,,,,202,,202
,,,,202,,202
,,,,203,,203
,,,,203,,203
,,,,203,,203
,,,,203,,203
,,,,203,,203
,,,,203,,203
,,,,203,,203
,,,,203,,203
,,,,203,,203
,,,,203,,203
,,,,203,,203
,,,,203,,203
,,,,203,,203
,,,,203,,203
,,,,203,,203
,,,,203,,203
,,,,203,,203
,,,,203,,203
,,,,203,,203
,,,,203,,203
,,,,203,,203
,,,,203,,203
,,,,203,,203
,,,,203,,203
,,,,203,,203
,,,,203,,203
,,,,203,,203
,,,,203,,203
,,,,203,,203
,,,,203,,203
,,,,203,,203
,,,,203,,203
,,,,203,,203
,,,,203,,203
,,,,203,,203
,,,,203,,203
,,,,203,,203
,,,,203,,203
,,,,203,,203
,,,,203,,203
,,,,203,,203
,,,,203,,203
,,,,203,,203
,,,,203,,203
,,,,203,,203
,,,,203,,203
,,,,203,,203
,,,,203,,203
,,,,203,,203
,,,,203,,203
,,,,204,,204
,,,,204,,204
,,,,204,,204
,,,,204,,204
,,,,204,,204
,,,,204,,204
,,,,204,,204
,,,,204,,204
,,,,204,,204
,,,,204,,204
,,,,204,,204
,,,,204,,204
,,,,204,,204
,,,,204,,204
,,,,204,,204
,,,,204,,204
,,,,204,,204
,,,,204,,204
,,,,204,,204
,,,,204,,204
,,,,204,,204
,,,,204,,204
,,,,204,,204
,,,,204,,204
,,,,204,,204
,,,,204,,204
,,,,205,,205
,,,,205,,205
,,,,205,,205
,,,,205,,205
,,,,205,,205
,,,,205,,205
,,,,205,,205
,,,,205,,205
,,,,205,,205
,,,,205,,205
,,,,205,,205
,,,,205,,205
,,,,205,,205
,,,,205,,205
,,,,205,,205
,,,,205,,205
,,,,205,,205
,,,,205,,205
,,,,205,,205
,,,,205,,205
,,,,205,,205
,,,,205,,205
,,,,205,,205
,,,,205,,205
,,,,205,,205
,,,,205,,205
,,,,205,,205
,,,,205,,205
,,,,205,,205
,,,,205,,205
,,,,205,,205
,,,,205,,205
,,,,205,,205
,,,,205,,205
,,,,205,,205
,,,,205,,205
,,,,205,,205
,,,,205,,205
,,,,205,,205
,,,,205,,205
,,,,205,,205
,,,,205,,205
,,,,206,,206
,,,,206,,206
,,,,206,,206
,,,,206,,206
,,,,206,,206
,,,,206,,206
,,,,206,,206
,,,,206,,206
,,,,206,,206
,,,,206,,206
,,,,206,,206
,,,,206,,206
,,,,206,,206
,,,,206,,206
,,,,206,,206
,,,,206,,206
,,,,206,,206
,,,,206,,206
,,,,206,,206
,,,,206,,206
,,,,206,,206
,,,,206,,206
,,,,206,,206
,,,,206,,206
,,,,206,,206
,,,,206,,206
,,,,206,,206
,,,,206,,206
,,,,206,,206
,,,,206,,206
,,,,206,,206
,,,,206,,206
,,,,206,,206
,,,,206,,206
,,,,206,,206
,,,,207,,207
,,,,207,,207
,,,,207,,207
,,,,207,,207
,,,,207,,207
,,,,207,,207
,,,,207,,207
,,,,207,,207
,,,,207,,207
,,,,207,,207
,,,,207,,207
,,,,207,,207
,,,,207,,207
,,,,207,,207
,,,,207,,207
,,,,207,,207
,,,,207,,207
,,,,207,,207
,,,,207,,207
,,,,207,,207
,,,,207,,207
,,,,207,,207
,,,,207,,207
,,,,207,,207
,,,,207,,207
,,,,207,,207
,,,,207,,207
,,,,207,,207
,,,,207,,207
,,,,207,,207
,,,,207,,207
,,,,207,,207
,,,,207,,207
,,,,207,,207
,,,,207,,207
,,,,207,,207
,,,,207,,207
,,,,207,,207
,,,,207,,207
,,,,207,,207
,,,,207,,207
,,,,207,,207
,,,,208,,208
,,,,208,,208
,,,,208,,208
,,,,208,,208
,,,,208,,208
,,,,208,,208
,,,,208,,208
,,,,208,,208
,,,,208,,208
,,,,208,,208
,,,,208,,208
,,,,208,,208
,,,,208,,208
,,,,208,,208
,,,,208,,208
,,,,208,,208
,,,,208,,208
,,,,208,,208
,,,,208,,208
,,,,208,,208
,,,,208,,208
,,,,208,,208
,,,,208,,208
,,,,208,,208
,,,,208,,208
,,,,208,,208
,,,,208,,208
,,,,208,,208
,,,,208,,208
,,,,208,,208
,,,,208,,208
,,,,208,,208
,,,,208,,208
,,,,208,,208
,,,,208,,208
,,,,208,,208
,,,,208,,208
,,,,208,,208
,,,,208,,208
,,,,208,,208
,,,,208,,208
,,,,208,,208
,,,,208,,208
,,,,208,,208
,,,,209,,209
,,,,209,,209
,,,,209,,209
,,,,209,,209
,,,,209,,209
,,,,209,,209
,,,,209,,209
,,,,209,,209
,,,,209,,209
,,,,209,,209
,,,,209,,209
,,,,209,,209
,,,,209,,209
,,,,209,,209
,,,,209,,209
,,,,209,,209
,,,,209,,209
,,,,209,,209
,,,,209,,209
,,,,209,,209
,,,,209,,209
,,,,209,,209
,,,,209,,209
,,,,209,,209
,,,,209,,209
,,,,209,,209
,,,,209,,209
,,,,209,,209
,,,,209,,209
,,,,209,,209
,,,,209,,209
,,,,209,,209
,,,,209,,209
,,,,209,,209
,,,,209,,209
,,,,209,,209
,,,,209,,209
,,,,209,,209
,,,,210,,210
,,,,210,,210
,,,,210,,210
,,,,210,,210
,,,,210,,210
,,,,210,,210
,,,,210,,210
,,,,210,,210
,,,,210,,210
,,,,210,,210
,,,,210,,210
,,,,210,,210
,,,,210,,210
,,,,210,,210
,,,,210,,210
,,,,210,,210
,,,,210,,210
,,,,210,,210
,,,,210,,210
,,,,210,,210
,,,,210,,210
,,,,210,,210
,,,,210,,210
,,,,210,,210
,,,,210,,210
,,,,210,,210
,,,,210,,210
,,,,210,,210
,,,,210,,210
,,,,210,,210
,,,,211,,211
,,,,211,,211
,,,,211,,211
,,,,211,,211
,,,,211,,211
,,,,211,,211
,,,,211,,211
,,,,211,,211
,,,,211,,211
,,,,211,,211
,,,,211,,211
,,,,211,,211
,,,,211,,211
,,,,211,,211
,,,,211,,211
,,,,211,,211
,,,,211,,211
,,,,211,,211
,,,,211,,211
,,,,211,,211
,,,,211,,211
,,,,211,,211
,,,,211,,211
,,,,211,,211
,,,,211,,211
,,,,211,,211
,,,,211,,211
,,,,211,,211
,,,,211,,211
,,,,211,,211
,,,,211,,211
,,,,211,,211
,,,,211,,211
,,,,211,,211
,,,,211,,211
,,,,211,,211
,,,,212,,212
,,,,212,,212
,,,,212,,212
,,,,212,,212
,,,,212,,212
,,,,212,,212
,,,,212,,212
,,,,212,,212
,,,,212,,212
,,,,212,,212
,,,,212,,212
,,,,212,,212
,,,,212,,212
,,,,212,,212
,,,,212,,212
,,,,212,,212
,,,,212,,212
,,,,212,,212
,,,,212,,212
,,,,212,,212
,,,,212,,212
,,,,212,,212
,,,,212,,212
,,,,212,,212
,,,,212,,212
,,,,213,,213
,,,,213,,213
,,,,213,,213
,,,,213,,213
,,,,213,,213
,,,,213,,213
,,,,213,,213
,,,,213,,213
,,,,213,,213
,,,,213,,213
,,,,213,,213
,,,,213,,213
,,,,213,,213
,,,,213,,213
,,,,213,,213
,,,,213,,213
,,,,213,,213
,,,,213,,213
,,,,213,,213
,,,,213,,213
,,,,213,,213
,,,,213,,213
,,,,213,,213
,,,,213,,213
,,,,213,,213
,,,,213,,213
,,,,213,,213
,,,,213,,213
,,,,213,,213
,,,,213,,213
,,,,213,,213
,,,,213,,213
,,,,213,,213
,,,,213,,213
,,,,213,,213
,,,,214,,214
,,,,214,,214
,,,,214,,214
,,,,214,,214
,,,,214,,214
,,,,214,,214
,,,,214,,214
,,,,214,,214
,,,,214,,214
,,,,214,,214
,,,,214,,214
,,,,214,,214
,,,,214,,214
,,,,214,,214
,,,,214,,214
,,,,214,,214
,,,,214,,214
,,,,214,,214
,,,,214,,214
,,,,214,,214
,,,,214,,214
,,,,214,,214
,,,,214,,214
,,,,214,,214
,,,,214,,214
,,,,214,,214
,,,,214,,214
,,,,214,,214
,,,,214,,214
,,,,214,,214
,,,,214,,214
,,,,214,,214
,,,,214,,214
,,,,214,,214
,,,,214,,214
,,,,215,,215
,,,,215,,215
,,,,215,,215
,,,,215,,215
,,,,215,,215
,,,,215,,215
,,,,215,,215
,,,,215,,215
,,,,215,,215
,,,,215,,215
,,,,215,,215
,,,,215,,215
,,,,215,,215
,,,,215,,215
,,,,215,,215
,,,,215,,215
,,,,215,,215
,,,,215,,215
,,,,215,,215
,,,,215,,215
,,,,215,,215
,,,,215,,215
,,,,215,,215
,,,,215,,215
,,,,215,,215
,,,,215,,215
,,,,215,,215
,,,,215,,215
,,,,215,,215
,,,,215,,215
,,,,215,,215
,,,,215,,215
,,,,215,,215
,,,,215,,215
,,,,215,,215
,,,,215,,215
,,,,215,,215
,,,,215,,215
,,,,215,,215
,,,,215,,215
,,,,215,,215
,,,,215,,215
,,,,215,,215
,,,,216,,216
,,,,216,,216
,,,,216,,216
,,,,216,,216
,,,,216,,216
,,,,216,,216
,,,,216,,216
,,,,216,,216
,,,,216,,216
,,,,216,,216
,,,,216,,216
,,,,216,,216
,,,,216,,216
,,,,216,,216
,,,,216,,216
,,,,216,,216
,,,,216,,216
,,,,216,,216
,,,,216,,216
,,,,216,,216
,,,,216,,216
,,,,216,,216
,,,,216,,216
,,,,216,,216
,,,,216,,216
,,,,216,,216
,,,,216,,216
,,,,216,,216
,,,,216,,216
,,,,217,,217
,,,,217,,217
,,,,217,,217
,,,,217,,217
,,,,217,,217
,,,,217,,217
,,,,217,,217
,,,,217,,217
,,,,217,,217
,,,,217,,217
,,,,217,,217
,,,,217,,217
,,,,217,,217
,,,,217,,217
,,,,217,,217
,,,,217,,217
,,,,217,,217
,,,,217,,217
,,,,217,,217
,,,,217,,217
,,,,217,,217
,,,,217,,217
,,,,217,,217
,,,,217,,217
,,,,217,,217
,,,,217,,217
,,,,217,,217
,,,,217,,217
,,,,217,,217
,,,,217,,217
,,,,217,,217
,,,,218,,218
,,,,218,,218
,,,,218,,218
,,,,218,,218
,,,,218,,218
,,,,218,,218
,,,,218,,218
,,,,218,,218
,,,,218,,218
,,,,218,,218
,,,,218,,218
,,,,218,,218
,,,,218,,218
,,,,218,,218
,,,,218,,218
,,,,218,,218
,,,,218,,218
,,,,218,,218
,,,,218,,218
,,,,218,,218
,,,,218,,218
,,,,218,,218
,,,,218,,218
,,,,218,,218
,,,,218,,218
,,,,218,,218
,,,,218,,218
,,,,218,,218
,,,,218,,218
,,,,218,,218
,,,,218,,218
,,,,219,,219
,,,,219,,219
,,,,219,,219
,,,,219,,219
,,,,219,,219
,,,,219,,219
,,,,219,,219
,,,,219,,219
,,,,219,,219
,,,,219,,219
,,,,219,,219
,,,,219,,219
,,,,219,,219
,,,,219,,219
,,,,219,,219
,,,,219,,219
,,,,220,,220
,,,,220,,220
,,,,220,,220
,,,,220,,220
,,,,220,,220
,,,,220,,220
,,,,220,,220
,,,,220,,220
,,,,220,,220
,,,,220,,220
,,,,220,,220
,,,,220,,220
,,,,220,,220
,,,,220,,220
,,,,220,,220
,,,,220,,220
,,,,220,,220
,,,,220,,220
,,,,220,,220
,,,,220,,220
,,,,220,,220
,,,,220,,220
,,,,220,,220
,,,,220,,220
,,,,220,,220
,,,,220,,220
,,,,220,,220
,,,,220,,220
,,,,220,,220
,,,,220,,220
,,,,220,,220
,,,,220,,220
,,,,220,,220
,,,,220,,220
,,,,221,,221
,,,,221,,221
,,,,221,,221
,,,,221,,221
,,,,221,,221
,,,,221,,221
,,,,221,,221
,,,,221,,221
,,,,221,,221
,,,,221,,221
,,,,221,,221
,,,,221,,221
,,,,221,,221
,,,,221,,221
,,,,221,,221
,,,,221,,221
,,,,221,,221
,,,,221,,221
,,,,222,,222
,,,,222,,222
,,,,222,,222
,,,,222,,222
,,,,222,,222
,,,,222,,222
,,,,222,,222
,,,,222,,222
,,,,222,,222
,,,,222,,222
,,,,222,,222
,,,,222,,222
,,,,222,,222
,,,,222,,222
,,,,222,,222
,,,,222,,222
,,,,222,,222
,,,,222,,222
,,,,222,,222
,,,,222,,222
,,,,223,,223
,,,,223,,223
,,,,223,,223
,,,,223,,223
,,,,223,,223
,,,,223,,223
,,,,223,,223
,,,,223,,223
,,,,223,,223
,,,,223,,223
,,,,223,,223
,,,,223,,223
,,,,224,,224
,,,,224,,224
,,,,224,,224
,,,,224,,224
,,,,224,,224
,,,,224,,224
,,,,224,,224
,,,,224,,224
,,,,224,,224
,,,,224,,224
,,,,224,,224
,,,,224,,224
,,,,224,,224
,,,,224,,224
,,,,224,,224
,,,,225,,225
,,,,225,,225
,,,,225,,225
,,,,225,,225
,,,,225,,225
,,,,225,,225
,,,,225,,225
,,,,225,,225
,,,,225,,225
,,,,225,,225
,,,,225,,225
,,,,225,,225
,,,,225,,225
,,,,225,,225
,,,,225,,225
,,,,226,,226
,,,,226,,226
,,,,226,,226
,,,,226,,226
,,,,226,,226
,,,,226,,226
,,,,226,,226
,,,,226,,226
,,,,226,,226
,,,,226,,226
,,,,226,,226
,,,,226,,226
,,,,226,,226
,,,,226,,226
,,,,226,,226
,,,,226,,226
,,,,226,,226
,,,,226,,226
,,,,226,,226
,,,,226,,226
,,,,226,,226
,,,,226,,226
,,,,226,,226
,,,,227,,227
,,,,227,,227
,,,,227,,227
,,,,227,,227
,,,,227,,227
,,,,227,,227
,,,,227,,227
,,,,227,,227
,,,,227,,227
,,,,227,,227
,,,,227,,227
,,,,227,,227
,,,,227,,227
,,,,228,,228
,,,,228,,228
,,,,228,,228
,,,,228,,228
,,,,228,,228
,,,,229,,229
,,,,229,,229
,,,,229,,229
,,,,229,,229
,,,,229,,229
,,,,229,,229
,,,,229,,229
,,,,229,,229
,,,,229,,229
,,,,229,,229
,,,,229,,229
,,,,229,,229
,,,,230,,230
,,,,230,,230
,,,,230,,230
,,,,230,,230
,,,,230,,230
,,,,230,,230
,,,,230,,230
,,,,230,,230
,,,,230,,230
,,,,230,,230
,,,,230,,230
,,,,230,,230
,,,,230,,230
,,,,230,,230
,,,,230,,230
,,,,230,,230
,,,,230,,230
,,,,230,,230
,,,,231,,231
,,,,231,,231
,,,,231,,231
,,,,231,,231
,,,,231,,231
,,,,231,,231
,,,,231,,231
,,,,231,,231
,,,,231,,231
,,,,231,,231
,,,,231,,231
,,,,231,,231
,,,,231,,231
,,,,231,,231
,,,,232,,232
,,,,232,,232
,,,,232,,232
,,,,232,,232
,,,,232,,232
,,,,232,,232
,,,,232,,232
,,,,232,,232
,,,,232,,232
,,,,232,,232
,,,,233,,233
,,,,233,,233
,,,,233,,233
,,,,233,,233
,,,,233,,233
,,,,233,,233
,,,,233,,233
,,,,233,,233
,,,,233,,233
,,,,233,,233
,,,,233,,233
,,,,233,,233
,,,,233,,233
,,,,233,,233
,,,,233,,233
,,,,233,,233
,,,,233,,233
,,,,233,,233
,,,,233,,233
,,,,233,,233
,,,,233,,233
,,,,233,,233
,,,,233,,233
,,,,234,,234
,,,,234,,234
,,,,234,,234
,,,,234,,234
,,,,234,,234
,,,,234,,234
,,,,234,,234
,,,,234,,234
,,,,234,,234
,,,,234,,234
,,,,234,,234
,,,,234,,234
,,,,234,,234
,,,,234,,234
,,,,234,,234
,,,,234,,234
,,,,234,,234
,,,,234,,234
,,,,234,,234
,,,,235,,235
,,,,235,,235
,,,,235,,235
,,,,235,,235
,,,,235,,235
,,,,235,,235
,,,,235,,235
,,,,235,,235
,,,,235,,235
,,,,235,,235
,,,,235,,235
,,,,235,,235
,,,,235,,235
,,,,235,,235
,,,,235,,235
,,,,235,,235
,,,,235,,235
,,,,235,,235
,,,,235,,235
,,,,236,,236
,,,,236,,236
,,,,236,,236
,,,,236,,236
,,,,236,,236
,,,,236,,236
,,,,236,,236
,,,,236,,236
,,,,236,,236
,,,,236,,236
,,,,236,,236
,,,,236,,236
,,,,236,,236
,,,,236,,236
,,,,236,,236
,,,,236,,236
,,,,236,,236
,,,,236,,236
,,,,236,,236
,,,,236,,236
,,,,236,,236
,,,,236,,236
,,,,236,,236
,,,,236,,236
,,,,237,,237
,,,,237,,237
,,,,237,,237
,,,,237,,237
,,,,237,,237
,,,,237,,237
,,,,237,,237
,,,,237,,237
,,,,237,,237
,,,,237,,237
,,,,237,,237
,,,,237,,237
,,,,237,,237
,,,,238,,238
,,,,238,,238
,,,,238,,238
,,,,238,,238
,,,,238,,238
,,,,238,,238
,,,,238,,238
,,,,238,,238
,,,,238,,238
,,,,238,,238
,,,,238,,238
,,,,238,,238
,,,,238,,238
,,,,238,,238
,,,,238,,238
,,,,238,,238
,,,,238,,238
,,,,238,,238
,,,,238,,238
,,,,238,,238
,,,,238,,238
,,,,238,,238
,,,,238,,238
,,,,239,,239
,,,,239,,239
,,,,239,,239
,,,,239,,239
,,,,239,,239
,,,,239,,239
,,,,239,,239
,,,,239,,239
,,,,239,,239
,,,,239,,239
,,,,239,,239
,,,,239,,239
,,,,239,,239
,,,,239,,239
,,,,239,,239
,,,,239,,239
,,,,239,,239
,,,,240,,240
,,,,240,,240
,,,,240,,240
,,,,240,,240
,,,,240,,240
,,,,240,,240
,,,,240,,240
,,,,240,,240
,,,,240,,240
,,,,240,,240
,,,,240,,240
,,,,240,,240
,,,,240,,240
,,,,240,,240
,,,,240,,240
,,,,240,,240
,,,,241,,241
,,,,241,,241
,,,,241,,241
,,,,241,,241
,,,,241,,241
,,,,241,,241
,,,,241,,241
,,,,241,,241
,,,,241,,241
,,,,241,,241
,,,,241,,241
,,,,241,,241
,,,,242,,242
,,,,242,,242
,,,,242,,242
,,,,242,,242
,,,,242,,242
,,,,242,,242
,,,,242,,242
,,,,242,,242
,,,,242,,242
,,,,242,,242
,,,,242,,242
,,,,242,,242
,,,,242,,242
,,,,242,,242
,,,,242,,242
,,,,242,,242
,,,,242,,242
,,,,242,,242
,,,,242,,242
,,,,242,,242
,,,,242,,242
,,,,242,,242
,,,,242,,242
,,,,242,,242
,,,,243,,243
,,,,243,,243
,,,,243,,243
,,,,243,,243
,,,,243,,243
,,,,243,,243
,,,,243,,243
,,,,243,,243
,,,,243,,243
,,,,243,,243
,,,,243,,243
,,,,243,,243
,,,,243,,243
,,,,243,,243
,,,,243,,243
,,,,243,,243
,,,,243,,243
,,,,243,,243
,,,,243,,243
,,,,243,,243
,,,,243,,243
,,,,243,,243
,,,,243,,243
,,,,243,,243
,,,,243,,243
,,,,243,,243
,,,,243,,243
,,,,243,,243
,,,,243,,243
,,,,243,,243
,,,,243,,243
,,,,243,,243
,,,,244,,244
,,,,244,,244
,,,,244,,244
,,,,244,,244
,,,,244,,244
,,,,244,,244
,,,,244,,244
,,,,244,,244
,,,,244,,244
,,,,244,,244
,,,,244,,244
,,,,245,,245
,,,,245,,245
,,,,245,,245
,,,,245,,245
,,,,245,,245
,,,,245,,245
,,,,245,,245
,,,,245,,245
,,,,245,,245
,,,,245,,245
,,,,245,,245
,,,,245,,245
,,,,245,,245
,,,,245,,245
,,,,245,,245
,,,,245,,245
,,,,245,,245
,,,,245,,245
,,,,245,,245
,,,,246,,246
,,,,246,,246
,,,,246,,246
,,,,246,,246
,,,,246,,246
,,,,246,,246
,,,,246,,246
,,,,246,,246
,,,,246,,246
,,,,246,,246
,,,,246,,246
,,,,246,,246
,,,,246,,246
,,,,246,,246
,,,,246,,246
,,,,246,,246
,,,,246,,246
,,,,246,,246
,,,,246,,246
,,,,246,,246
,,,,246,,246
,,,,246,,246
,,,,246,,246
,,,,246,,246
,,,,246,,246
,,,,246,,246
,,,,247,,247
,,,,247,,247
,,,,247,,247
,,,,247,,247
,,,,247,,247
,,,,247,,247
,,,,247,,247
,,,,247,,247
,,,,247,,247
,,,,247,,247
,,,,247,,247
,,,,247,,247
,,,,247,,247
,,,,247,,247
,,,,247,,247
,,,,247,,247
,,,,247,,247
,,,,247,,247
,,,,247,,247
,,,,247,,247
,,,,247,,247
,,,,248,,248
,,,,248,,248
,,,,248,,248
,,,,248,,248
,,,,248,,248
,,,,248,,248
,,,,248,,248
,,,,248,,248
,,,,248,,248
,,,,248,,248
,,,,248,,248
,,,,248,,248
,,,,248,,248
,,,,248,,248
,,,,248,,248
,,,,248,,248
,,,,248,,248
,,,,248,,248
,,,,248,,248
,,,,248,,248
,,,,248,,248
,,,,249,,249
,,,,249,,249
,,,,249,,249
,,,,249,,249
,,,,249,,249
,,,,249,,249
,,,,249,,249
,,,,249,,249
,,,,249,,249
,,,,249,,249
,,,,249,,249
,,,,249,,249
,,,,249,,249
,,,,249,,249
,,,,249,,249
,,,,249,,249
,,,,249,,249
,,,,249,,249
,,,,249,,249
,,,,249,,249
,,,,249,,249
,,,,249,,249
,,,,249,,249
,,,,249,,249
,,,,249,,249
,,,,249,,249
,,,,249,,249
,,,,249,,249
,,,,250,,250
,,,,250,,250
,,,,250,,250
,,,,250,,250
,,,,250,,250
,,,,250,,250
,,,,250,,250
,,,,250,,250
,,,,250,,250
,,,,250,,250
,,,,250,,250
,,,,250,,250
,,,,250,,250
,,,,250,,250
,,,,250,,250
,,,,250,,250
,,,,250,,250
,,,,250,,250
,,,,250,,250
,,,,250,,250
,,,,250,,250
,,,,250,,250
,,,,250,,250
,,,,250,,250
,,,,250,,250
,,,,251,,251
,,,,251,,251
,,,,251,,251
,,,,251,,251
,,,,251,,251
,,,,251,,251
,,,,251,,251
,,,,251,,251
,,,,251,,251
,,,,251,,251
,,,,251,,251
,,,,251,,251
,,,,251,,251
,,,,251,,251
,,,,251,,251
,,,,251,,251
,,,,251,,251
,,,,251,,251
,,,,251,,251
,,,,251,,251
,,,,251,,251
,,,,251,,251
,,,,251,,251
,,,,251,,251
,,,,251,,251
,,,,251,,251
,,,,251,,251
,,,,251,,251
,,,,251,,251
,,,,252,,252
,,,,252,,252
,,,,252,,252
,,,,252,,252
,,,,252,,252
,,,,252,,252
,,,,252,,252
,,,,252,,252
,,,,252,,252
,,,,252,,252
,,,,252,,252
,,,,252,,252
,,,,252,,252
,,,,252,,252
,,,,252,,252
,,,,252,,252
,,,,252,,252
,,,,252,,252
,,,,252,,252
,,,,252,,252
,,,,252,,252
,,,,252,,252
,,,,252,,252
,,,,252,,252
,,,,252,,252
,,,,252,,252
,,,,252,,252
,,,,252,,252
,,,,252,,252
,,,,252,,252
,,,,252,,252
,,,,252,,252
,,,,252,,252
,,,,252,,252
,,,,252,,252
,,,,252,,252
,,,,252,,252
,,,,252,,252
,,,,252,,252
,,,,252,,252
,,,,253,,253
,,,,253,,253
,,,,253,,253
,,,,253,,253
,,,,253,,253
,,,,253,,253
,,,,253,,253
,,,,253,,253
,,,,253,,253
,,,,253,,253
,,,,253,,253
,,,,253,,253
,,,,253,,253
,,,,253,,253
,,,,253,,253
,,,,253,,253
,,,,253,,253
,,,,253,,253
,,,,253,,253
,,,,253,,253
,,,,253,,253
,,,,253,,253
,,,,253,,253
,,,,253,,253
,,,,253,,253
,,,,253,,253
,,,,253,,253
,,,,254,,254
,,,,254,,254
,,,,254,,254
,,,,254,,254
,,,,254,,254
,,,,254,,254
,,,,254,,254
,,,,254,,254
,,,,254,,254
,,,,254,,254
,,,,254,,254
,,,,254,,254
,,,,254,,254
,,,,254,,254
,,,,254,,254
,,,,254,,254
,,,,254,,254
,,,,254,,254
,,,,254,,254
,,,,254,,254
,,,,254,,254
,,,,254,,254
,,,,254,,254
,,,,254,,254
,,,,254,,254
,,,,254,,254
,,,,254,,254
,,,,254,,254
,,,,254,,254
,,,,254,,254
,,,,254,,254
,,,,254,,254
,,,,254,,254
,,,,254,,254
,,,,254,,254
,,,,255,,255
,,,,255,,255
,,,,255,,255
,,,,255,,255
,,,,255,,255
,,,,255,,255
,,,,255,,255
,,,,255,,255
,,,,255,,255
,,,,255,,255
,,,,255,,255
,,,,255,,255
,,,,255,,255
,,,,255,,255
,,,,255,,255
,,,,255,,255
,,,,255,,255
,,,,255,,255
,,,,255,,255
,,,,255,,255
,,,,255,,255
,,,,255,,255
,,,,255,,255
,,,,255,,255
,,,,255,,255
,,,,255,,255
,,,,255,,255
,,,,255,,255
,,,,255,,255
,,,,255,,255
,,,,255,,255
,,,,255,,255
,,,,255,,255
,,,,255,,255
,,,,255,,255
,,,,255,,255
,,,,255,,255
,,,,255,,255
,,,,256,,256
,,,,256,,256
,,,,256,,256
,,,,256,,256
,,,,256,,256
,,,,256,,256
,,,,256,,256
,,,,256,,256
,,,,256,,256
,,,,256,,256
,,,,256,,256
,,,,256,,256
,,,,256,,256
,,,,256,,256
,,,,256,,256
,,,,256,,256
,,,,256,,256
,,,,256,,256
,,,,256,,256
,,,,256,,256
,,,,256,,256
,,,,256,,256
,,,,256,,256
,,,,256,,256
,,,,256,,256
,,,,256,,256
,,,,256,,256
,,,,256,,256
,,,,256,,256
,,,,256,,256
,,,,256,,256
,,,,256,,256
,,,,256,,256
,,,,257,,257
,,,,257,,257
,,,,257,,257
,,,,257,,257
,,,,257,,257
,,,,257,,257
,,,,257,,257
,,,,257,,257
,,,,257,,257
,,,,257,,257
,,,,257,,257
,,,,257,,257
,,,,257,,257
,,,,257,,257
,,,,257,,257
,,,,257,,257
,,,,257,,257
,,,,257,,257
,,,,257,,257
,,,,257,,257
,,,,257,,257
,,,,257,,257
,,,,257,,257
,,,,257,,257
,,,,257,,257
,,,,257,,257
,,,,257,,257
,,,,258,,258
,,,,258,,258
,,,,258,,258
,,,,258,,258
,,,,258,,258
,,,,258,,258
,,,,258,,258
,,,,258,,258
,,,,258,,258
,,,,258,,258
,,,,258,,258
,,,,258,,258
,,,,258,,258
,,,,258,,258
,,,,258,,258
,,,,258,,258
,,,,258,,258
,,,,258,,258
,,,,258,,258
,,,,258,,258
,,,,258,,258
,,,,258,,258
,,,,258,,258
,,,,258,,258
,,,,258,,258
,,,,258,,258
,,,,258,,258
,,,,258,,258
,,,,258,,258
,,,,258,,258
,,,,259,,259
,,,,259,,259
,,,,259,,259
,,,,259,,259
,,,,259,,259
,,,,259,,259
,,,,259,,259
,,,,259,,259
,,,,259,,259
,,,,259,,259
,,,,259,,259
,,,,259,,259
,,,,259,,259
,,,,259,,259
,,,,259,,259
,,,,259,,259
,,,,259,,259
,,,,259,,259
,,,,259,,259
,,,,259,,259
,,,,259,,259
,,,,259,,259
,,,,259,,259
,,,,259,,259
,,,,259,,259
,,,,259,,259
,,,,259,,259
,,,,259,,259
,,,,259,,259
,,,,259,,259
,,,,259,,259
,,,,259,,259
,,,,259,,259
,,,,259,,259
,,,,259,,259
,,,,259,,259
,,,,259,,259
,,,,259,,259
,,,,259,,259
,,,,259,,259
,,,,259,,259
,,,,259,,259
,,,,259,,259
,,,,259,,259
,,,,259,,259
,,,,259,,259
,,,,259,,259
,,,,259,,259
,,,,260,,260
,,,,260,,260
,,,,260,,260
,,,,260,,260
,,,,260,,260
,,,,260,,260
,,,,260,,260
,,,,260,,260
,,,,260,,260
,,,,260,,260
,,,,260,,260
,,,,260,,260
,,,,260,,260
,,,,260,,260
,,,,260,,260
,,,,260,,260
,,,,260,,260
,,,,260,,260
,,,,260,,260
,,,,260,,260
,,,,260,,260
,,,,260,,260
,,,,260,,260
,,,,260,,260
,,,,260,,260
,,,,261,,261
,,,,261,,261
,,,,261,,261
,,,,261,,261
,,,,261,,261
,,,,261,,261
,,,,261,,261
,,,,261,,261
,,,,261,,261
,,,,261,,261
,,,,261,,261
,,,,261,,261
,,,,261,,261
,,,,261,,261
,,,,261,,261
,,,,261,,261
,,,,261,,261
,,,,261,,261
,,,,261,,261
,,,,261,,261
,,,,261,,261
,,,,261,,261
,,,,261,,261
,,,,261,,261
,,,,261,,261
,,,,261,,261
,,,,261,,261
,,,,261,,261
,,,,261,,261
,,,,261,,261
,,,,261,,261
,,,,261,,261
,,,,261,,261
,,,,261,,261
,,,,261,,261
,,,,261,,261
,,,,261,,261
,,,,261,,261
,,,,261,,261
,,,,261,,261
,,,,262,,262
,,,,262,,262
,,,,262,,262
,,,,262,,262
,,,,262,,262
,,,,262,,262
,,,,262,,262
,,,,262,,262
,,,,262,,262
,,,,262,,262
,,,,262,,262
,,,,262,,262
,,,,262,,262
,,,,262,,262
,,,,262,,262
,,,,262,,262
,,,,262,,262
,,,,262,,262
,,,,262,,262
,,,,262,,262
,,,,262,,262
,,,,262,,262
,,,,262,,262
,,,,262,,262
,,,,262,,262
,,,,262,,262
,,,,262,,262
,,,,262,,262
,,,,262,,262
,,,,262,,262
,,,,262,,262
,,,,262,,262
,,,,262,,262
,,,,262,,262
,,,,262,,262
,,,,262,,262
,,,,263,,263
,,,,263,,263
,,,,263,,263
,,,,263,,263
,,,,263,,263
,,,,263,,263
,,,,263,,263
,,,,263,,263
,,,,263,,263
,,,,263,,263
,,,,263,,263
,,,,263,,263
,,,,263,,263
,,,,263,,263
,,,,263,,263
,,,,263,,263
,,,,263,,263
,,,,263,,263
,,,,263,,263
,,,,263,,263
,,,,263,,263
,,,,263,,263
,,,,263,,263
,,,,263,,263
,,,,263,,263
,,,,263,,263
,,,,263,,263
,,,,263,,263
,,,,264,,264
,,,,264,,264
,,,,264,,264
,,,,264,,264
,,,,264,,264
,,,,264,,264
,,,,264,,264
,,,,264,,264
,,,,264,,264
,,,,264,,264
,,,,264,,264
,,,,264,,264
,,,,264,,264
,,,,264,,264
,,,,264,,264
,,,,264,,264
,,,,264,,264
,,,,264,,264
,,,,264,,264
,,,,264,,264
,,,,265,,265
,,,,265,,265
,,,,265,,265
,,,,265,,265
,,,,265,,265
,,,,265,,265
,,,,265,,265
,,,,265,,265
,,,,265,,265
,,,,265,,265
,,,,265,,265
,,,,265,,265
,,,,265,,265
,,,,265,,265
,,,,265,,265
,,,,265,,265
,,,,265,,265
,,,,265,,265
,,,,265,,265
,,,,265,,265
,,,,265,,265
,,,,265,,265
,,,,265,,265
,,,,265,,265
,,,,265,,265
,,,,265,,265
,,,,265,,265
,,,,265,,265
,,,,265,,265
,,,,265,,265
,,,,265,,265
,,,,265,,265
,,,,265,,265
,,,,265,,265
,,,,265,,265
,,,,265,,265
,,,,265,,265
,,,,265,,265
,,,,266,,266
,,,,266,,266
,,,,266,,266
,,,,266,,266
,,,,266,,266
,,,,266,,266
,,,,266,,266
,,,,266,,266
,,,,266,,266
,,,,266,,266
,,,,266,,266
,,,,266,,266
,,,,266,,266
,,,,266,,266
,,,,266,,266
,,,,266,,266
,,,,266,,266
,,,,266,,266
,,,,266,,266
,,,,266,,266
,,,,266,,266
,,,,266,,266
,,,,266,,266
,,,,266,,266
,,,,266,,266
,,,,266,,266
,,,,266,,266
,,,,266,,266
,,,,266,,266
,,,,266,,266
,,,,266,,266
,,,,266,,266
,,,,266,,266
,,,,266,,266
,,,,266,,266
,,,,266,,266
,,,,266,,266
,,,,266,,266
,,,,266,,266
,,,,266,,266
,,,,266,,266
,,,,266,,266
,,,,266,,266
,,,,266,,266
,,,,267,,267
,,,,267,,267
,,,,267,,267
,,,,267,,267
,,,,267,,267
,,,,267,,267
,,,,267,,267
,,,,267,,267
,,,,267,,267
,,,,267,,267
,,,,267,,267
,,,,267,,267
,,,,267,,267
,,,,267,,267
,,,,267,,267
,,,,267,,267
,,,,267,,267
,,,,267,,267
,,,,267,,267
,,,,267,,267
,,,,267,,267
,,,,267,,267
,,,,267,,267
,,,,267,,267
,,,,267,,267
,,,,267,,267
,,,,267,,267
,,,,267,,267
,,,,267,,267
,,,,267,,267
,,,,267,,267
,,,,267,,267
,,,,267,,267
,,,,267,,267
,,,,267,,267
,,,,268,,268
,,,,268,,268
,,,,268,,268
,,,,268,,268
,,,,268,,268
,,,,268,,268
,,,,268,,268
,,,,268,,268
,,,,268,,268
,,,,268,,268
,,,,268,,268
,,,,268,,268
,,,,268,,268
,,,,268,,268
,,,,268,,268
,,,,268,,268
,,,,268,,268
,,,,268,,268
,,,,268,,268
,,,,268,,268
,,,,268,,268
,,,,268,,268
,,,,268,,268
,,,,268,,268
,,,,268,,268
,,,,268,,268
,,,,268,,268
,,,,269,,269
,,,,269,,269
,,,,269,,269
,,,,269,,269
,,,,269,,269
,,,,269,,269
,,,,269,,269
,,,,269,,269
,,,,269,,269
,,,,269,,269
,,,,269,,269
,,,,269,,269
,,,,269,,269
,,,,269,,269
,,,,269,,269
,,,,269,,269
,,,,269,,269
,,,,269,,269
,,,,269,,269
,,,,269,,269
,,,,269,,269
,,,,269,,269
,,,,269,,269
,,,,269,,269
,,,,269,,269
,,,,269,,269
,,,,269,,269
,,,,269,,269
,,,,270,,270
,,,,270,,270
,,,,270,,270
,,,,270,,270
,,,,270,,270
,,,,270,,270
,,,,270,,270
,,,,270,,270
,,,,270,,270
,,,,270,,270
,,,,270,,270
,,,,270,,270
,,,,270,,270
,,,,270,,270
,,,,270,,270
,,,,270,,270
,,,,270,,270
,,,,270,,270
,,,,270,,270
,,,,270,,270
,,,,270,,270
,,,,270,,270
,,,,270,,270
,,,,270,,270
,,,,270,,270
,,,,270,,270
,,,,270,,270
,,,,270,,270
,,,,271,,271
,,,,271,,271
,,,,271,,271
,,,,271,,271
,,,,271,,271
,,,,271,,271
,,,,271,,271
,,,,271,,271
,,,,271,,271
,,,,271,,271
,,,,271,,271
,,,,271,,271
,,,,271,,271
,,,,271,,271
,,,,271,,271
,,,,271,,271
,,,,271,,271
,,,,271,,271
,,,,271,,271
,,,,271,,271
,,,,272,,272
,,,,272,,272
,,,,272,,272
,,,,272,,272
,,,,272,,272
,,,,272,,272
,,,,272,,272
,,,,272,,272
,,,,272,,272
,,,,272,,272
,,,,272,,272
,,,,272,,272
,,,,272,,272
,,,,272,,272
,,,,272,,272
,,,,272,,272
,,,,272,,272
,,,,272,,272
,,,,272,,272
,,,,272,,272
,,,,272,,272
,,,,272,,272
,,,,272,,272
,,,,272,,272
,,,,272,,272
,,,,272,,272
,,,,272,,272
,,,,272,,272
,,,,272,,272
,,,,272,,272
,,,,272,,272
,,,,272,,272
,,,,272,,272
,,,,272,,272
,,,,272,,272
,,,,272,,272
,,,,272,,272
,,,,273,,273
,,,,273,,273
,,,,273,,273
,,,,273,,273
,,,,273,,273
,,,,273,,273
,,,,273,,273
,,,,273,,273
,,,,273,,273
,,,,273,,273
,,,,273,,273
,,,,273,,273
,,,,273,,273
,,,,273,,273
,,,,273,,273
,,,,273,,273
,,,,273,,273
,,,,273,,273
,,,,273,,273
,,,,273,,273
,,,,273,,273
,,,,273,,273
,,,,273,,273
,,,,273,,273
,,,,273,,273
,,,,273,,273
,,,,273,,273
,,,,273,,273
,,,,273,,273
,,,,273,,273
,,,,273,,273
,,,,273,,273
,,,,273,,273
,,,,273,,273
,,,,274,,274
,,,,274,,274
,,,,274,,274
,,,,274,,274
,,,,274,,274
,,,,274,,274
,,,,274,,274
,,,,274,,274
,,,,274,,274
,,,,274,,274
,,,,274,,274
,,,,274,,274
,,,,274,,274
,,,,274,,274
,,,,274,,274
,,,,274,,274
,,,,274,,274
,,,,274,,274
,,,,274,,274
,,,,274,,274
,,,,274,,274
,,,,274,,274
,,,,274,,274
,,,,274,,274
,,,,274,,274
,,,,274,,274
,,,,274,,274
,,,,274,,274
,,,,275,,275
,,,,275,,275
,,,,275,,275
,,,,275,,275
,,,,275,,275
,,,,275,,275
,,,,275,,275
,,,,275,,275
,,,,275,,275
,,,,275,,275
,,,,275,,275
,,,,275,,275
,,,,275,,275
,,,,275,,275
,,,,275,,275
,,,,275,,275
,,,,275,,275
,,,,275,,275
,,,,275,,275
,,,,275,,275
,,,,275,,275
,,,,275,,275
,,,,275,,275
,,,,275,,275
,,,,275,,275
,,,,275,,275
,,,,275,,275
,,,,275,,275
,,,,276,,276
,,,,276,,276
,,,,276,,276
,,,,276,,276
,,,,276,,276
,,,,276,,276
,,,,276,,276
,,,,276,,276
,,,,276,,276
,,,,276,,276
,,,,276,,276
,,,,276,,276
,,,,276,,276
,,,,276,,276
,,,,276,,276
,,,,276,,276
,,,,276,,276
,,,,276,,276
,,,,276,,276
,,,,276,,276
,,,,276,,276
,,,,276,,276
,,,,276,,276
,,,,276,,276
,,,,276,,276
,,,,276,,276
,,,,276,,276
,,,,276,,276
,,,,276,,276
,,,,276,,276
,,,,276,,276
,,,,276,,276
,,,,277,,277
,,,,277,,277
,,,,277,,277
,,,,277,,277
,,,,277,,277
,,,,277,,277
,,,,277,,277
,,,,277,,277
,,,,277,,277
,,,,277,,277
,,,,277,,277
,,,,277,,277
,,,,277,,277
,,,,277,,277
,,,,277,,277
,,,,277,,277
,,,,277,,277
,,,,277,,277
,,,,277,,277
,,,,277,,277
,,,,277,,277
,,,,277,,277
,,,,277,,277
,,,,277,,277
,,,,277,,277
,,,,277,,277
,,,,277,,277
,,,,277,,277
,,,,277,,277
,,,,277,,277
,,,,277,,277
,,,,277,,277
,,,,277,,277
,,,,277,,277
,,,,277,,277
,,,,278,,278
,,,,278,,278
,,,,278,,278
,,,,278,,278
,,,,278,,278
,,,,278,,278
,,,,278,,278
,,,,278,,278
,,,,278,,278
,,,,278,,278
,,,,278,,278
,,,,278,,278
,,,,278,,278
,,,,278,,278
,,,,278,,278
,,,,278,,278
,,,,278,,278
,,,,278,,278
,,,,278,,278
,,,,278,,278
,,,,278,,278
,,,,278,,278
,,,,278,,278
,,,,278,,278
,,,,278,,278
,,,,278,,278
,,,,278,,278
,,,,278,,278
,,,,278,,278
,,,,278,,278
,,,,279,,279
,,,,279,,279
,,,,279,,279
,,,,279,,279
,,,,279,,279
,,,,279,,279
,,,,279,,279
,,,,279,,279
,,,,279,,279
,,,,279,,279
,,,,279,,279
,,,,279,,279
,,,,279,,279
,,,,279,,279
,,,,279,,279
,,,,279,,279
,,,,279,,279
,,,,279,,279
,,,,279,,279
,,,,279,,279
,,,,279,,279
,,,,279,,279
,,,,280,,280
,,,,280,,280
,,,,280,,280
,,,,280,,280
,,,,280,,280
,,,,280,,280
,,,,280,,280
,,,,280,,280
,,,,280,,280
,,,,280,,280
,,,,280,,280
,,,,280,,280
,,,,280,,280
,,,,280,,280
,,,,280,,280
,,,,280,,280
,,,,280,,280
,,,,280,,280
,,,,280,,280
,,,,280,,280
,,,,281,,281
,,,,281,,281
,,,,281,,281
,,,,281,,281
,,,,281,,281
,,,,281,,281
,,,,281,,281
,,,,281,,281
,,,,281,,281
,,,,281,,281
,,,,281,,281
,,,,281,,281
,,,,281,,281
,,,,281,,281
,,,,281,,281
,,,,281,,281
,,,,281,,281
,,,,281,,281
,,,,281,,281
,,,,281,,281
,,,,281,,281
,,,,281,,281
,,,,281,,281
,,,,282,,282
,,,,282,,282
,,,,282,,282
,,,,282,,282
,,,,282,,282
,,,,282,,282
,,,,282,,282
,,,,282,,282
,,,,282,,282
,,,,282,,282
,,,,282,,282
,,,,282,,282
,,,,282,,282
,,,,282,,282
,,,,282,,282
,,,,282,,282
,,,,282,,282
,,,,282,,282
,,,,282,,282
,,,,282,,282
,,,,282,,282
,,,,282,,282
,,,,282,,282
,,,,283,,283
,,,,283,,283
,,,,283,,283
,,,,283,,283
,,,,283,,283
,,,,283,,283
,,,,283,,283
,,,,283,,283
,,,,283,,283
,,,,283,,283
,,,,283,,283
,,,,283,,283
,,,,284,,284
,,,,284,,284
,,,,284,,284
,,,,284,,284
,,,,284,,284
,,,,284,,284
,,,,284,,284
,,,,284,,284
,,,,284,,284
,,,,284,,284
,,,,284,,284
,,,,285,,285
,,,,285,,285
,,,,285,,285
,,,,285,,285
,,,,285,,285
,,,,285,,285
,,,,285,,285
,,,,285,,285
,,,,285,,285
,,,,285,,285
,,,,285,,285
,,,,285,,285
,,,,285,,285
,,,,285,,285
,,,,285,,285
,,,,285,,285
,,,,286,,286
,,,,286,,286
,,,,286,,286
,,,,286,,286
,,,,286,,286
,,,,286,,286
,,,,286,,286
,,,,286,,286
,,,,286,,286
,,,,287,,287
,,,,287,,287
,,,,287,,287
,,,,287,,287
,,,,287,,287
,,,,287,,287
,,,,287,,287
,,,,287,,287
,,,,287,,287
,,,,288,,288
,,,,288,,288
,,,,288,,288
,,,,288,,288
,,,,288,,288
,,,,288,,288
,,,,288,,288
,,,,288,,288
,,,,289,,289
,,,,289,,289
,,,,289,,289
,,,,289,,289
,,,,289,,289
,,,,289,,289
,,,,289,,289
,,,,289,,289
,,,,289,,289
,,,,289,,289
,,,,289,,289
,,,,290,,290
,,,,290,,290
,,,,290,,290
,,,,290,,290
,,,,290,,290
,,,,290,,290
,,,,291,,291
,,,,291,,291
,,,,291,,291
,,,,291,,291
,,,,291,,291
,,,,291,,291
,,,,291,,291
,,,,292,,292
,,,,292,,292
,,,,292,,292
,,,,293,,293
,,,,293,,293
,,,,293,,293
,,,,293,,293
,,,,293,,293
,,,,293,,293
,,,,294,,294
,,,,294,,294
,,,,294,,294
,,,,295,,295
,,,,295,,295
,,,,295,,295
,,,,295,,295
,,,,296,,296
,,,,297,,297
,,,,299,,299
,,,,299,,299
,,,,307,,307
,,,,309,,309
,,,,323,,323
,,,,323,,323
,,,,,,
,,,,,,
,,,,,,
,,,,,,
,,,,,,
,,,,,,
,,,,,,
,,,,,,
,,,,,,
,,,,,,
,,,,,,
,,,,,,
,,,,,,
,,,,,,
,,,,,,
,,,,,,
,,,,,,
,,,,,,
,,,,,,
,,,,,,
,,,,,,
,,,,,,
,,,,,,
,,,,,,
,,,,,,
,,,,,,
,,,,,,
,,,,,,
,,,,,,
,,,,,,
,,,,,,
,,,,,,
,,,,,,
,,,,,,
,,,,,,
,,,,,,
,,,,,,
,,,,,,
,,,,,,
,,,,,,
,,,,,,
,,,,,,
,,,,,,
,,,,,,
,,,,,,
,,,,,,
,,,,,,
,,,,,,
,,,,,,
,,,,,,
,,,,,,
,,,,,,
,,,,,,
,,,,,,
,,,,,,
,,,,,,
,,,,,,
,,,,,,
,,,,,,
,,,,,,
,,,,,,
,,,,,,
,,,,,,
,,,,,,
,,,,,,
,,,,,,
,,,,,,
,,,,,,
,,,,,,
,,,,,,
,,,,,,
,,,,,,
,,,,,,
,,,,,,
,,,,,,
,,,,,,
,,,,,,
,,,,,,
,,,,,,
,,,,,,
,,,,,,
,,,,,,
,,,,,,
,,,,,,
,,,,,,
,,,,,,
,,,,,,
,,,,,,
,,,,,,
,,,,,,
,,,,,,
,,,,,,
,,,,,,
,,,,,,
,,,,,,
,,,,,,
,,,,,,
,,,,,,
,,,,,,
,,,,,,
,,,,,,
,,,,,,
,,,,,,
,,,,,,
,,,,,,
,,,,,,
,,,,,,
,,,,,,
,,,,,,
,,,,,,
,,,,,,
,,,,,,
,,,,,,
,,,,,,
,,,,,,
,,,,,,
,,,,,,
,,,,,,
,,,,,,
,,,,,,
,,,,,,
,,,,,,
,,,,,,
,,,,,,
,,,,,,
,,,,,,
,,,,,,
,,,,,,
,,,,,,
,,,,,,
,,,,,,
,,,,,,
,,,,,,
,,,,,,
,,,,,,
,,,,,,
,,,,,,
,,,,,,
,,,,,,
,,,,,,
,,,,,,
,,,,,,
,,,,,,
,,,,,,
,,,,,,
,,,,,,
,,,,,,
,,,,,,
,,,,,,
,,,,,,
,,,,,,
,,,,,,
,,,,,,
,,,,,,
,,,,,,
,,,,,,
,,,,,,
,,,,,,
,,,,,,
,,,,,,
,,,,,,
,,,,,,
,,,,,,
,,,,,,
,,,,,,
,,,,,,
,,,,,,
,,,,,,
,,,,,,
,,,,,,
,,,,,,
,,,,,,
,,,,,,
,,,,,,
,,,,,,
,,,,,,
,,,,,,
,,,,,,
,,,,,,
,,,,,,
,,,,,,
,,,,,,
,,,,,,
,,,,,,
,,,,,,
,,,,,,
,,,,,,
,,,,,,
,,,,,,
,,,,,,
,,,,,,
,,,,,,
,,,,,,
,,,,,,
,,,,,,
,,,,,,
,,,,,,
,,,,,,
,,,,,,
,,,,,,
,,,,,,
,,,,,,
,,,,,,
,,,,,,
,,,,,,
,,,,,,
,,,,,,
,,,,,,
,,,,,,
,,,,,,
,,,,,,
,,,,,,
,,,,,,
,,,,,,
,,,,,,
,,,,,,
,,,,,,
,,,,,,
,,,,,,
,,,,,,
,,,,,,
,,,,,,
,,,,,,
,,,,,,
,,,,,,
,,,,,,
,,,,,,
,,,,,,
,,,,,,
,,,,,,
,,,,,,
,,,,,,
,,,,,,
,,,,,,
,,,,,,
,,,,,,
,,,,,,
,,,,,,
,,,,,,
,,,,,,
,,,,,,
,,,,,,
,,,,,,
,,,,,,
,,,,,,
,,,,,,
,,,,,,
,,,,,,
,,,,,,
,,,,,,
,,,,,,
,,,,,,
,,,,,,
,,,,,,
,,,,,,
,,,,,,
,,,,,,
,,,,,,
,,,,,,
,,,,,,
,,,,,,
,,,,,,
,,,,,,
,,,,,,
,,,,,,
,,,,,,
,,,,,,
,,,,,,
,,,,,,
,,,,,,
,,,,,,
,,,,,,
,,,,,,
,,,,,,
,,,,,,
,,,,,,
,,,,,,
,,,,,,
,,,,,,
,,,,,,
,,,,,,
,,,,,,
,,,,,,
,,,,,,
,,,,,,
,,,,,,
,,,,,,
,,,,,,
,,,,,,
,,,,,,
,,,,,,
,,,,,,
,,,,,,
,,,,,,
,,,,,,
,,,,,,
,,,,,,
,,,,,,
,,,,,,
,,,,,,
,,,,,,
,,,,,,
,,,,,,
,,,,,,
,,,,,,
,,,,,,
,,,,,,
,,,,,,
,,,,,,
,,,,,,
,,,,,,
,,,,,,
,,,,,,
,,,,,,
,,,,,,
,,,,,,
,,,,,,
,,,,,,
,,,,,,
,,,,,,
,,,,,,
,,,,,,
,,,,,,
,,,,,,
,,,,,,
,,,,,,
,,,,,,
,,,,,,
,,,,,,
,,,,,,
,,,,,,
,,,,,,
,,,,,,
,,,,,,
,,,,,,
,,,,,,
,,,,,,
,,,,,,
,,,,,,
,,,,,,
,,,,,,
,,,,,,
,,,,,,
,,,,,,
,,,,,,
,,,,,,
,,,,,,
,,,,,,
,,,,,,
,,,,,,
,,,,,,
,,,,,,
,,,,,,
,,,,,,
,,,,,,
,,,,,,
,,,,,,
,,,,,,
,,,,,,
,,,,,,
,,,,,,
,,,,,,
,,,,,,
,,,,,,
,,,,,,
,,,,,,
,,,,,,
,,,,,,
,,,,,,
,,,,,,
,,,,,,
,,,,,,
,,,,,,
,,,,,,
,,,,,,
,,,,,,
,,,,,,
,,,,,,
,,,,,,
,,,,,,
,,,,,,
,,,,,,
,,,,,,
,,,,,,
,,,,,,
,,,,,,
,,,,,,
,,,,,,
,,,,,,
,,,,,,
,,,,,,
,,,,,,
,,,,,,
,,,,,,
,,,,,,
,,,,,,
,,,,,,
,,,,,,
,,,,,,
,,,,,,
,,,,,,
,,,,,,
,,,,,,
,,,,,,
,,,,,,
,,,,,,
,,,,,,
,,,,,,
,,,,,,
,,,,,,
,,,,,,
,,,,,,
,,,,,,
,,,,,,
,,,,,,
,,,,,,
,,,,,,
,,,,,,
,,,,,,
,,,,,,
,,,,,,
,,,,,,
,,,,,,
,,,,,,
,,,,,,
,,,,,,
,,,,,,
,,,,,,
,,,,,,
,,,,,,
,,,,,,
,,,,,,
,,,,,,
,,,,,,
,,,,,,
,,,,,,
,,,,,,
,,,,,,
,,,,,,
,,,,,,
,,,,,,
,,,,,,
,,,,,,
,,,,,,
,,,,,,
,,,,,,
,,,,,,
,,,,,,
,,,,,,
,,,,,,
,,,,,,
,,,,,,
,,,,,,
,,,,,,
,,,,,,
,,,,,,
,,,,,,
,,,,,,
,,,,,,
,,,,,,
,,,,,,
,,,,,,
,,,,,,
,,,,,,
,,,,,,
,,,,,,
,,,,,,
,,,,,,
,,,,,,
,,,,,,
,,,,,,
,,,,,,
,,,,,,
,,,,,,
,,,,,,
,,,,,,
,,,,,,
,,,,,,
,,,,,,
,,,,,,
,,,,,,
,,,,,,
,,,,,,
,,,,,,
,,,,,,
,,,,,,
,,,,,,
,,,,,,
,,,,,,
,,,,,,
,,,,,,
,,,,,,
,,,,,,
,,,,,,
,,,,,,
,,,,,,
,,,,,,
,,,,,,
,,,,,,
,,,,,,
,,,,,,
,,,,,,
,,,,,,
,,,,,,
,,,,,,
,,,,,,
,,,,,,
,,,,,,
,,,,,,
,,,,,,
,,,,,,
,,,,,,
,,,,,,
,,,,,,
,,,,,,
,,,,,,
,,,,,,
,,,,,,
,,,,,,
,,,,,,
,,,,,,
,,,,,,
,,,,,,
,,,,,,
,,,,,,
,,,,,,
,,,,,,
,,,,,,
,,,,,,
,,,,,,
,,,,,,
,,,,,,
,,,,,,
,,,,,,
,,,,,,
,,,,,,
,,,,,,
,,,,,,
,,,,,,
,,,,,,
,,,,,,
,,,,,,
,,,,,,
,,,,,,
,,,,,,
,,,,,,
,,,,,,
,,,,,,
,,,,,,
,,,,,,
,,,,,,
,,,,,,
,,,,,,
,,,,,,
,,,,,,
,,,,,,
,,,,,,
,,,,,,
,,,,,,
,,,,,,
,,,,,,
,,,,,,
,,,,,,
,,,,,,
,,,,,,
,,,,,,
,,,,,,
,,,,,,
,,,,,,
,,,,,,
,,,,,,
,,,,,,
,,,,,,
,,,,,,
,,,,,,
,,,,,,
,,,,,,
